Site,site_lat,site_long
Cape May,38.58468,-74.57408
Newport,41.34293,-71.17138
Beverly,42.32482,-70.51469
Kettle Cove,43.33408,-70.13083
Robbinston,45.08383,-67.11001